Q1,Q2,Q3,Q4,Q5,Role
"I excel at initiating conversations, a key part of my role. It's essential for building rapport and understanding clients, helping me connect and identify opportunities effectively.","Rejection pushes me to improve. I persist, adapt, and stay committed to finding the best path to success.",Tight deadlines serve as a reminder of the difference my work can make. I stay organized with time blocks and tap into my creative problem-solving skills.,I presented my proposal by opening with a captivating story that engaged the audience emotionally. I focused on how the idea would benefit them personally.,"I'll collaborate closely with team members, share my ideas, and support their efforts to reach our goal. I'll stay open to learning from experienced colleagues and adapt to the team's needs.",Sales
"Being a salesperson, I enjoy starting conversations; it's how I connect, engage, and understand client needs.","Rejection is an opportunity for growth. I persist, reevaluate my strategy, and adapt to provide clients with unique and creative solutions that align with their needs.","To maintain creativity and organization, I review and revise my approach regularly. Tight deadlines push me to think creatively while ensuring all tasks are prioritized.","I presented my idea confidently, made it relatable, and actively listened to their concerns.","I'll actively engage, offering my insights and assistance, and working closely with my colleagues to achieve our project's success.",Sales
"I take the lead in conversations, creating trust and rapport with clients. It's a strength I leverage.","In response to rejection, I persistently adapt. I don't shy away from change. I embrace the challenge and find creative ways to engage the client and address their concerns.",I embrace tight deadlines as opportunities to showcase my skills and exceed expectations. Staying organized and creative is my way of demonstrating expertise to clients.,"I kept my proposal brief and highlighted the positive impact, while being open to suggestions.","I'll collaborate closely with my colleagues, contribute my insights, and work hard to ensure our project's success.",Sales
"Initiating discussions is my strength, a vital part of my role, and it allows me to be proactive in building relationships.","Rejection doesn't deter me; it motivates me. I adapt, evolve, and find alternative strategies to effectively connect with the client and provide solutions tailored to their needs.",I find inspiration in the technical challenges that tight deadlines present. It's an opportunity to push my skills to the limit and explore creative solutions.,"I ensured my proposal was well-received by being passionate, confident, and encouraging open discussion.","I'll be a proactive and dedicated team player, participating actively, staying flexible, and engaging in open communication to achieve our project's objectives.",Sales
"I'm confident in starting conversations, especially in professional settings. It's an essential part of my role.","Rejection is a stepping stone to success. I adapt, reevaluate, and persistently seek new ways to engage the client and provide them with valuable, innovative solutions.",I draw inspiration from the opportunity to outperform previous achievements and impress clients. Staying organized and creative is essential to delivering excellence.,"I used relatable examples, encouraged questions, and conveyed my passion for the idea.","I'll work closely with my teammates, maintaining a strong work ethic, embracing change, and supporting our shared commitment to achieving our project goals.",Sales
Starting conversations is my go-to approach. It's an effective way to build relationships and uncover opportunities.,"I see rejection as a chance to learn and grow. I persist and adapt, seeking alternative solutions to improve my performance.",I embrace tight deadlines as opportunities to showcase my skills and exceed expectations. Staying organized and creative is my way of demonstrating expertise to clients.,"I explained the proposal clearly, welcomed input, and expressed my dedication to the idea.","I'll immerse myself in our team's goals, actively participate, and strive to excel in my role to contribute to our project's success.",Sales
"Proactively initiating conversations allows me to guide discussions effectively, understand preferences, and identify opportunities.","Rejection is an opportunity for self-improvement. I persist, adapt, and refine my approach for better results.","To maintain creativity and organization, I review and revise my approach regularly. Tight deadlines push me to think creatively while ensuring all tasks are prioritized.","I made sure the group felt heard, offered a straightforward presentation, and welcomed input.","I'll be an adaptable and proactive team member, engaging in teamwork, offering support, and showing my commitment to achieving our project's goals.",Sales
"In social situations, I enjoy approaching and engaging with new people, making connections that matter.","I view rejection as feedback. I persist, adapt, and find new ways to succeed by learning from my mistakes.",Creativity is enhanced through continuous learning and exposure to new ideas. I stay organized by setting milestones and tracking progress to ensure deadlines are met.,"I maintained eye contact, conveyed enthusiasm, and addressed their questions with confidence.","I'm excited to collaborate closely with my teammates, embrace change, and contribute my hard work and dedication to our project's success.",Sales
"Initiating conversations is a strategic strength. It helps me excel in building relationships, uncovering leads, and identifying opportunities.","Rejection motivates me to evolve. I persist, adapt, and seek innovative ways to achieve success in my work.",I draw inspiration from the knowledge that our work directly impacts the success of our clients. Being organized and creative is my way of delivering value to them.,"I began by introducing myself and the idea in a friendly manner, keeping it simple. I emphasized its potential benefits and was open to questions.","I'll actively engage in our cross-functional team, offer my insights, and be a positive, reliable member to help us achieve our project's goals.",Sales
"I draw inspiration from taking the lead in conversations, where rapport and trust are crucial.","I embrace rejection as part of the journey. I persist, adapt, and continually adjust my strategy for better outcomes.",Staying organized involves creating a daily schedule that ensures all tasks are completed on time. I remain inspired by the opportunity to deliver excellence to clients.,"I shared my proposal confidently, focusing on its positive aspects. I encouraged feedback and tried to connect with the group on a personal level.","I'd communicate openly and be a reliable team member, ensuring we all stay on track. My enthusiasm would help keep everyone motivated and focused on our common goal.",Sales
"Initiating conversations is a vital part of my sales role, a confident approach I embrace.","Rejection doesn't deter me. I persist, adapt, and explore alternative routes to achieve success.",The challenge of tight deadlines fuels my determination and creativity. I organize my work by setting clear milestones and using creativity to find efficient solutions.,"I started with a brief, engaging story to grab their attention. I made sure to speak clearly, confidently, and answered questions openly.","I'm keen to learn from others, so I'd ask questions and be a good listener. By supporting the team's strengths and contributing my own, we can achieve our project goals.",Sales
I find it easy to take the lead in conversations; it's an integral part of my successful sales strategy.,"I handle rejection positively. I persist, adapt, and keep refining my approach to reach my goals.",Creativity is enhanced through continuous learning and exposure to new ideas. I stay organized by setting milestones and tracking progress to ensure deadlines are met.,"I presented my idea with enthusiasm, keeping it concise and to the point. I showed my commitment to the proposal and listened to concerns.","I'll be a valuable contributor, promoting teamwork, good communication, and a strong work ethic to meet our project's objectives.",Sales
"Starting conversations is my preferred approach. It's how I build connections, identify opportunities, and excel in my role.","Rejection is a stepping stone. I persist, adapt, and focus on finding alternative solutions to achieve success.",I draw inspiration from the trust clients have in our solutions. Their confidence motivates me to stay organized and come up with creative approaches to meet their needs.,"I introduced the idea with a smile and used relatable examples. I stayed approachable and open to suggestions, which made the group receptive.",My organizational skills and attention to detail would help us keep things running smoothly. I'd also offer to assist with any administrative tasks to ease our workload.,Sales
"Being naturally outgoing, I tend to initiate conversations in social settings, creating connections and rapport.","I take rejection as a challenge. I persist, adapt, and remain open to new approaches to attain my goals.","To remain creative under tight deadlines, I create brainstorming sessions with colleagues to generate fresh ideas and innovative solutions.","I presented the proposal professionally, maintaining eye contact and a calm demeanor. I assured the group that their input was valued.",I'll gladly take on any responsibilities that come my way and help others whenever they need assistance. Being a reliable team player is crucial for our success.,Sales
"Initiating discussions allows me to uncover potential leads and opportunities, a proactive approach I'm comfortable with.",Rejection is a part of the journey; it makes me reevaluate and adjust for better outcomes.,I find inspiration from the success stories of our clients. Knowing that I can play a role in achieving similar success keeps me motivated and organized.,"I began by building rapport with the group, then introduced the idea clearly and concisely. I actively engaged with their thoughts and concerns.","I'd bring a fresh perspective to our discussions and brainstorming sessions, contributing new ideas and encouraging creativity within the team.",Sales
"I'm comfortable initiating conversations as it's part of my job as a salesperson, and it's a strength I use effectively.","Rejection only drives me to adapt and persist. I evaluate my approach, make necessary adjustments, and continually seek innovative solutions to win over the client.","I maintain a balance between structure and creativity by setting clear priorities and allowing flexibility for innovative ideas, even under tight deadlines.","I shared the proposal passionately, focusing on its benefits. I encouraged open discussion and made sure to thank the group for their time.",My commitment to deadlines and project timelines would ensure we stay on track. I'd use my time management skills to help the team meet its goals.,Sales
"I'm passionate about taking the lead in conversations, especially in professional settings where it's vital for building trust and rapport.",Rejection motivates me to work harder and find innovative solutions.,I stay inspired by remembering the positive impact my work can have on the client's success. Staying organized and creative is my way of making that impact a reality.,I started by acknowledging the group's expertise. I then presented my idea confidently and stayed receptive to their thoughts and suggestions.,"I'll be a great communicator within the team, making sure everyone's input is heard and valued. Keeping everyone in the loop is essential for success.",Sales
"Initiating conversations is my superpower, and it's how I proactively engage with people to uncover opportunities.",I'm open to change and use rejection as an opportunity to improve.,"I find inspiration by focusing on the goals I want to achieve and the positive impact I can make. When facing tight deadlines, I prioritize tasks and stay organized to ensure I meet them.",I began with a friendly greeting and outlined the idea in a straightforward manner. I made sure to convey my passion for the proposal.,I'd be proactive in problem-solving and looking for solutions. My willingness to adapt and find answers would benefit the team's progress.,Sales
"I thrive on taking the lead in conversations, where my communication skills shine, and I build meaningful relationships.",Failure is a signal to reassess and modify my methods as needed.,"To stay organized, I create a detailed plan, breaking tasks into manageable steps. I draw inspiration from the thought of delivering results that will impress clients.","I shared my proposal with enthusiasm, highlighting its potential. I remained open to questions, creating a positive atmosphere for discussion.",I'll stay organized and manage our project documents efficiently. My meticulous approach would help us avoid any unnecessary hiccups in the process.,Tech
"Proactive initiation of conversations is a cornerstone of my approach, enabling me to better understand people and create value.","I'm determined to persist, adapt, and keep searching for solutions after facing rejection.",I maintain creativity by seeking fresh perspectives and brainstorming with colleagues. Tight deadlines challenge me to think outside the box.,I introduced the idea confidently and thanked the group for their time. I emphasized the proposal's value and actively listened to their feedback.,"I'd collaborate with my team, listen to their insights, and actively communicate our progress. I'll be open to learning from them and contribute by staying organized and ensuring we meet deadlines.",Tech
"I'm confident in initiating conversations, a critical part of my role, which helps me identify opportunities and client needs.",Rejection inspires me to rethink and evolve my strategy.,I use deadlines as motivation to enhance my time management skills and keep distractions at bay. The pressure fuels my determination and creativity.,I presented my idea in a personable and relatable way. I encouraged a collaborative discussion and thanked the group for their input.,"As a fresher, I'd embrace teamwork and actively engage in discussions. My goal is to absorb knowledge from experienced teammates and be a reliable and enthusiastic team player.",Tech
"I excel at taking the lead in conversations. It's essential for my success in building rapport, trust, and fruitful relationships.",I'm adaptable and focus on adjusting my approach after rejection.,Regularly reviewing the client's needs and aligning my work with their objectives keeps me inspired. Organization and creativity are keys to exceeding expectations.,"I started with a warm greeting and a concise introduction. I actively engaged with the group's thoughts and concerns, ensuring a positive atmosphere.","I'd focus on being a supportive team member, contributing my ideas, and offering a helping hand wherever needed. My aim is to foster a positive atmosphere and learn from my colleagues.",Tech
"Initiating conversations is where I shine, allowing me to connect with potential clients and uncover valuable opportunities.",I'm all about persisting and finding alternative solutions when faced with rejection.,I stay inspired by visualizing the successful outcome and how it will benefit both the client and my career. I organize my tasks efficiently and brainstorm creative solutions.,"I presented my proposal confidently, focusing on its positive impact. I kept the presentation engaging and thanked the group for their attention.",I'll be a proactive team player by coordinating efforts and being adaptable. I'll seek guidance from senior colleagues and make sure our collective efforts align with the project's objectives.,Tech
"I'm passionate about initiating conversations, especially when networking, as it's where business relationships start.","Facing rejection makes me reflect, adapt, and explore new approaches.","I stay organized by using project management software, which helps me track progress and meet deadlines. The organized workflow enables creativity to flourish.","I shared my idea with energy and clarity. I encouraged questions and feedback, ensuring the group felt heard and appreciated.","I'd be the team's cheerleader, boosting morale and celebrating our small wins. My positivity can create a motivating environment for all team members.",Tech
"Proactively starting conversations is how I engage with people, build trust, and identify the needs and opportunities that matter.","I embrace rejection as a chance to grow and learn, then adjust my strategy.",I draw inspiration from the knowledge that our work directly impacts the success of our clients. Being organized and creative is my way of delivering value to them.,"I began by connecting with the group on a personal level. I presented the idea passionately, and I actively engaged with their thoughts and concerns.","I'll be a reliable teammate, actively participating in our project, listening to others, and offering my best to achieve success.",Tech
"I find inspiration in taking the lead in conversations, which is vital for building connections and understanding clients' needs.","I'm resilient; I persist and adapt after facing failure, looking for better solutions.","When facing tight deadlines, I organize my work into daily to-do lists and use creative problem-solving to find shortcuts without compromising quality.",I introduced the proposal with a friendly smile and clear communication. I was open to feedback and actively appreciated the group's insights.,"I'll bring a positive attitude, effective communication, and a willingness to contribute in any way I can. Learning from my colleagues and collaborating effectively are my priorities.",Tech
"Initiating conversations is my go-to approach, and I leverage it to connect with new people, identify leads, and uncover opportunities.","I see rejection as a challenge, motivating me to adapt and find new ways to achieve my goals.",The challenge of tight deadlines fuels my determination and creativity. I organize my work by setting clear milestones and using creativity to find efficient solutions.,"I started by acknowledging the group's expertise, then presented the idea confidently and passionately. I thanked them for their time and input.","I'll bring my enthusiasm to the team, offering assistance and actively participating in achieving our project's objectives.",Tech
"Being proactive in initiating conversations is a vital part of my role, helping me connect with clients and discover valuable opportunities.","Rejection makes me rethink and refine my approach, always seeking improvement.","Staying inspired means focusing on the client's vision and exceeding their expectations. I organize my tasks, creating a flow for creativity.","I shared the proposal professionally and enthusiastically. I maintained a calm and approachable demeanor, and I expressed gratitude for the group's involvement.","I'm excited to work with diverse team members and contribute by staying organized, meeting deadlines, and helping wherever needed to achieve our shared goals.",Tech
"In social settings, I thrive on initiating conversations to build connections and uncover potential leads.",Failure inspires me to reevaluate and adjust my strategy for success.,I draw inspiration from the positive feedback and success stories of our clients. Organization and creativity are at the core of delivering exceptional results.,"I used visuals to simplify my proposal, engaged the group by maintaining eye contact, and welcomed questions and suggestions.","I'll bring my energy and enthusiasm to the team, while actively listening to others' ideas and doing my part to ensure we meet our objectives.",Sales
Initiating conversations is my specialty. I take the lead with enthusiasm. It's where relationships and opportunities begin.,"I view rejection as a learning opportunity, refining my approach for better results.","Staying organized is about setting clear objectives and priorities. When faced with tight deadlines, creativity thrives as I explore unique solutions.","I prepared a clear, concise presentation, focused on the benefits. I used simple language, showed enthusiasm, and asked for feedback.","I'll be a reliable team member, taking ownership of my responsibilities and offering assistance when necessary to ensure our project's success.",Sales
"I'm a natural networker and initiator in social settings, a trait that serves me well in my sales role.",Each rejection encourages me to reassess and fine-tune my methods.,"I'm inspired by the sense of accomplishment when meeting tight deadlines. I organize tasks methodically, enabling creative thinking to flourish.","I presented the idea with enthusiasm, encouraged discussion, and incorporated their feedback into the proposal.","I'm eager to collaborate and contribute to the team's overall success by being proactive, communicative, and adaptable to different tasks.",Tech
"I'm naturally outgoing and take the lead in initiating conversations. It's a strategic approach that aids in building relationships, uncovering potential leads, and identifying opportunities.","I see failure as a stepping stone to success, driving me to reevaluate and adapt.","To stay creative, I collaborate with colleagues, brainstorm ideas, and explore innovative approaches. Organization ensures efficient progress towards our goals.","I anticipated objections and prepared compelling responses to address any doubts or concerns, ensuring a smoother path to acceptance.","I'll be a dedicated team player, showing up with a positive attitude and a willingness to learn from my experienced colleagues while helping meet our objectives.",Tech
"Initiating conversations is part of my job as a salesperson, and I'm comfortable with it. It's a confident approach, particularly in professional settings, that helps me excel.","In the face of rejection, I remain determined. I adapt and refine my strategy, learning from the experience and finding creative alternatives to better serve the client.",Client testimonials and the opportunity to make a significant impact inspire me. I organize my work meticulously and explore creative avenues to meet deadlines.,"I used visual aids, such as infographics and compelling slides, to simplify complex concepts and make the presentation engaging and easy to follow.","I'll actively engage in teamwork, offering my insights and assistance where required to help the team achieve its project goals.",Tech
Initiating discussions allows me to uncover potential leads and opportunities effectively. It's a comfortable and proactive way to build connections and excel in sales.,"Rejection is a challenge I gladly accept. I persistently adapt and adjust my sales strategy to meet the client's specific needs, and I'm eager to explore alternative solutions.",Staying organized is about breaking down tasks into manageable steps. I draw inspiration from the sense of achievement when delivering innovative solutions.,I leveraged the power of testimonials and endorsements from satisfied customers or colleagues who had experienced success with a similar proposal.,"I'm ready to collaborate, support, and adapt as needed to help our team succeed in reaching our project goals.",Tech
"As a naturally outgoing person, I tend to initiate conversations in social settings. It's a proactive approach that helps me connect with new people effectively.","Rejection encourages me to adapt and improve. I reflect on what went wrong, adjust my tactics, and proactively find new and creative ways to engage and convert the client.",Tight deadlines push me to think outside the box and find creative shortcuts. I stay organized with detailed to-do lists and prioritize tasks effectively.,"To ensure a positive reception, I encouraged interactive elements such as Q&A sessions and group discussions. Their active participation made them feel invested in the idea.","I'm excited to work as part of a team and contribute through effective communication, cooperation, and a strong work ethic to achieve our project's objectives.",Tech
"Starting conversations is my preferred approach. It helps me build relationships, uncover potential leads, and identify opportunities, particularly in professional settings.",I never give up; rejection fuels my determination to find a way.,"I maintain a balance between structure and creativity by setting clear objectives and allowing flexibility for innovative ideas, even under tight deadlines.",I rehearsed the presentation with a focus on maintaining a confident yet approachable demeanor. Smiling and making eye contact helped build trust and rapport.,"I'll embrace the collaborative nature of our team, bring fresh ideas to the table, and strive to meet our project goals with dedication and a strong work ethic.",Tech
"Initiating conversations is a vital part of my role, enabling me to identify opportunities and client needs effectively. It's a strength I use to engage, build relationships, and excel in sales.","I take rejection in stride, using it as a tool for growth and strategy improvement.",Staying organized involves creating a daily schedule that ensures all tasks are completed on time. I remain inspired by the opportunity to deliver excellence to clients.,"I stressed the return on investment (ROI) of the proposal, illustrating how it would lead to cost savings and revenue growth for the organization.","I'll be a team player, ready to lend a hand, learn from others, and contribute my best efforts to ensure we successfully achieve our project's objectives.",Tech
"I excel at initiating conversations, making it a go-to approach for me. It aids in relationship building, uncovering potential leads, and identifying opportunities effectively.","In the face of rejection, I consider it a temporary setback. I persist with even more determination, refining my approach, and identifying alternative solutions to win over the client.",Staying inspired means focusing on the client's success. I organize my work using project management tools and encourage creative brainstorming sessions.,"I showcased the proposal's alignment with the company's mission and values, ensuring that it resonated with the group's overall objectives.","I'll actively participate in our cross-functional team, focusing on communication, teamwork, and supporting one another to meet our project's goals.",Tech
"Initiating conversations is a proactive approach I enjoy. It's how I engage with new people in social settings, where approaching and interacting with individuals is a strength.","Rejection motivates me to adapt my strategy. I analyze what didn't work, adjust my tactics, and come back with a more tailored pitch to address the client's concerns.",I find inspiration from the opportunity to exceed expectations. Staying organized involves setting milestones and using creativity to solve complex problems.,"I provided a well-structured outline of the proposal, including clear objectives, milestones, and a timeline to demonstrate its practicality and manageability.","I'll work closely with my colleagues, focusing on good communication and shared goals, and I'm committed to my part in achieving our project's success.",Tech
"Taking the lead in conversations is key to understanding people's preferences and identifying opportunities. It's an essential part of my role, where proactive communication is a strength.","I embrace rejection as an opportunity to learn. I reevaluate my strategy, gather feedback, and make necessary adjustments to improve my approach for future interactions.",The challenge of tight deadlines ignites my creativity. I organize my tasks through effective time management and innovative problem-solving.,"I made sure to highlight the key benefits and potential ROI of the proposal, showing how it would solve their problems and lead to success.","I'll collaborate effectively with my teammates, offering my support, and being adaptable to the project's evolving needs, working together for success.",Tech
"I prefer initiating conversations, as it enables me to guide discussions effectively, proactively build relationships, and better understand people's preferences and needs.","Rejection can be disheartening, but it fuels my persistence. I see it as a challenge to overcome. I keep pushing forward, seeking alternative solutions, and refining my pitch.","To stay inspired, I review the big picture of how our work impacts clients positively. I ensure organizational efficiency while fostering creativity in my approach.","I kept the presentation concise and focused, respecting the group's time and attention span.","I'll be a dependable team member, actively participating in our efforts, sharing insights, and embracing a shared commitment to achieving our project's goals.",Sales
"Initiating conversations is my specialty. I take the lead with confidence, understanding that it's vital for building trust and rapport with clients.","When faced with rejection, I choose to adapt. I'm not afraid to pivot my approach and find new ways to engage the client, addressing their needs and concerns more effectively.","Creativity thrives when I challenge the status quo, especially under tight deadlines. I organize my work systematically to ensure we meet our goals.","I used persuasive language and confident body language while presenting. My enthusiasm for the idea was contagious, and I encouraged questions and discussion.","I'm ready to contribute by actively engaging in our cross-functional team, offering assistance where needed, and being a positive, reliable member for our project's success.",Sales
"I thrive in initiating conversations. It's how I proactively engage, build relationships, and identify opportunities to excel in my sales role.",Rejection pushes me to keep evolving and finding better solutions.,I draw inspiration from the sense of achievement when we meet tight deadlines. Staying organized involves creating a structured daily schedule.,"I tailored my presentation to the group's needs, addressing their pain points and showing how my proposal would alleviate them.","I'll bring my best to the team, actively participating, staying flexible, and maintaining good communication to help us achieve our project's goals.",Sales
"I take the lead in social interactions, particularly in networking situations. Initiating conversations is enjoyable and allows me to guide discussions effectively for productive outcomes.","I thrive on challenges, including rejection. It inspires me to persist with even more vigor, learn from the experience, and creatively explore alternative solutions to win over the client.",Staying organized means focusing on the end goal. I draw inspiration from the positive impact our work can have and maintain creativity through effective collaboration.,I included real-world examples and success stories to illustrate the proposal's effectiveness. Visual aids and case studies helped reinforce my points.,"I'll work closely with my colleagues, listen to their input, and offer my assistance to ensure our project's success as a valuable member of the team.",Sales
"As a people person, I enjoy initiating conversations to engage with individuals in social settings. It's a strength that helps me connect and proactively approach new people.","Rejection motivates me to adapt my sales approach. I actively seek client feedback, adjust my tactics, and find creative ways to address their concerns in subsequent interactions.",Tight deadlines remind me of the significance of our work. I stay organized with time management and prioritize tasks while encouraging creative discussions.,"To ensure a positive reception, I actively listened to the group's feedback and addressed any concerns or objections. Flexibility was key to winning them over.","I'll immerse myself in the team's objectives, collaborating closely with my colleagues, and showing my commitment to achieving our project's goals.",Sales
"Initiating conversations is second nature. It's fundamental to creating rapport and trust, a skill I employ to engage, build relationships, and identify client needs successfully.","I approach rejection as a learning opportunity. I reevaluate my strategy, seek mentorship when needed, and adapt to provide clients with more appealing and effective solutions.",I draw inspiration from the trust clients have in our solutions. Their confidence motivates me to stay organized and come up with creative approaches to meet their needs.,I involved the group by asking open-ended questions and encouraging their input. Their involvement made them feel like part of the process.,"I'll be a proactive team member, striving to excel in my role and support the team's success by being adaptable, communicative, and open to learning.",Sales
"I'm a proactive communicator who takes the lead in social interactions. Initiating conversations is vital to my sales role. It enables me to connect, understand preferences, and identify opportunities effectively.","Rejection doesn't deter me; it drives me to persist. I view it as a stepping stone to success, and I'm quick to find alternative ways to approach and engage the client.","I stay organized by using project management software, which helps me track progress and meet deadlines. The organized workflow enables creativity to flourish.",I practiced my presentation thoroughly to ensure a seamless delivery. Confidence and a well-structured message were essential for success.,"I'll be a team player, respecting everyone's role, communicating effectively, and striving to achieve our project goals through hard work and dedication.",Sales
"Initiating conversations is a strength. It's integral to my success in sales, allowing me to proactively build relationships, uncover leads, and engage with potential clients.","In the face of rejection, I maintain a positive attitude. I persistently adapt and seek out fresh approaches to align with the client's evolving needs and preferences.","To remain creative under tight deadlines, I create brainstorming sessions with colleagues to generate fresh ideas and innovative solutions.","I shared compelling statistics and data to back up the proposal's effectiveness, providing a clear rationale for its adoption.","I'll actively engage in our cross-functional team, focusing on collaboration, adaptability, and my commitment to the team's success.",Sales
"Confidence in starting conversations is a key aspect of my professional approach. It's an essential strategy for me to excel in building connections, identifying opportunities, and engaging with clients.",Rejection is just a momentary setback. I persistently adapt my strategy and explore alternative solutions to provide the client with more valuable and customized offerings.,I find inspiration in the success stories of our clients. Knowing that I can play a role in achieving similar success keeps me motivated and organized.,"I approached the group with a compelling narrative, framing the proposal as a solution to their pain points and emphasizing the positive impact on their work and lives.","I'll contribute by staying agile, embracing feedback, and prioritizing our collective goals, all while maintaining a positive attitude.",Sales
"Initiating discussions is a proactive way to be a connector, builder of relationships, and identifier of opportunities. It comes naturally to me and is a crucial aspect of my sales strategy.","Rejection is a chance to reevaluate and adjust. I take a step back, review my strategy, and make necessary modifications, all while remaining determined to succeed.","Creativity flourishes when we embrace challenges. Tight deadlines inspire me to find new solutions, and I maintain organization through effective task management.","I created a sense of urgency, emphasizing the competitive advantage of acting quickly on the proposal.","I'll work cohesively with the team, engage in open communication, and contribute through dedication and hard work to ensure the project's success.",Sales
"I'm more comfortable when others initiate conversations. It allows me to listen actively, leading to creative problem-solving.","I'd view rejection as a chance to enhance my skills. I'd analyze the situation, adapt my strategy, and keep trying. Success often comes after overcoming failure in my profession.",I stay organized using comprehensive documentation and clear technical specifications. This meticulous approach provides a solid foundation for creative solutions.,"I started with a relatable analogy to explain the idea, keeping it simple. I welcomed questions and feedback, showing enthusiasm for collaboration and adaptability.","I'd work in sync with the team, meet deadlines, and engage with more experienced members for guidance. My role is to absorb knowledge and contribute effectively.",Sales
"I enjoy being approached by others, which often leads to fresh and creative insights, inspiring innovative solutions.","Rejection in my work is a chance to evolve. I'd learn from my mistakes, explore new approaches, and persist. Failure is just a stepping stone to finding better solutions.",Creativity flourishes under pressure. I view tight deadlines as a chance to discover ingenious solutions to intricate technical issues.,"I shared technical documentation and whitepapers that detailed the proposal, allowing the group to review the technical specifications and benefits at their own pace.","I'd collaborate closely with the team, adhere to project plans, and ask questions when necessary. My priority is to learn and add value to the project.",Sales
"Being approached by others often sparks creative thinking, as it exposes me to different ideas and perspectives.","I'd embrace rejection as an opportunity for growth. I'd analyze my work, get advice from experts, and adjust my approach as needed. In my field, adaptability is key to success.",I'm inspired by the prospect of pushing the boundaries of what's technically possible. Tight deadlines encourage me to explore new technologies and innovative approaches.,"I created a visually appealing presentation, used plain language, and stayed open to input. Sharing real-world examples helped others grasp the idea easily.","I'd be a dependable team player, fulfill my responsibilities, and seek mentorship when needed. My contribution would be to grow alongside my team.",Sales
"In social situations, I usually wait for others to start conversations, finding that it often sparks my creative thinking.","In my area, rejection is a part of the journey. I'd take it as a motivation to persist, learn, and adapt. Failure is a temporary setback on the path to finding innovative solutions.",The pressure of tight deadlines encourages me to meticulously plan and adhere to coding standards. This disciplined approach ensures both organization and creativity.,"I made a clear and concise presentation, focusing on the problem and solution. I listened to feedback and adapted my proposal to address concerns, ensuring it was well-received.","I'd follow the team's lead, complete tasks efficiently, and communicate openly. My aim is to learn from my team members and deliver value.",Sales
I prefer to be approached in social settings; it makes me more comfortable and allows me to observe and gain insights.,"I'd see rejection as a chance to innovate and improve. I'd reevaluate my strategy, collaborate with others, and adapt my approach to overcome obstacles in my field.",I draw inspiration from the technical challenges that tight deadlines present. It's an opportunity to push my skills to the limit and explore creative solutions.,I introduced my proposal by highlighting its potential benefits and encouraged open discussion. Being approachable and open to suggestions made it well-received.,"I'd prioritize teamwork, meet deadlines, and seek guidance from experienced colleagues. My role is to absorb knowledge and perform to the best of my abilities.",Sales
"I often find creative inspiration when I'm approached by others, sparking innovative technical solutions and fresh perspectives.","I'd approach rejection by seeking advice, improving my skills, and trying alternative solutions. Failure is just a stepping stone to success in my profession through constant adaptation.","To stay organized, I use agile project management methodologies to break down tasks into sprints. This framework keeps me on track, even with tight deadlines.",I started with a practical example and encouraged questions. Adapting to the group's needs and feedback ensured a positive response.,"I'd work closely with the team, meet deadlines, and seek help when required. I want to be a reliable contributor and a fast learner.",Sales
"I usually prefer to be approached, which allows me to listen and gather creative ideas from others' initiations.","Rejection is a chance to rethink and refine my approach. I'd keep trying new methods, learning from experts, and persisting. My work requires constant adaptation.",The pressure of tight deadlines motivates me to meticulously plan and structure my work. It's a challenge I embrace to bring out my best technical skills.,"I explained my proposal using everyday language and anecdotes. I asked for input and feedback, showing my willingness to learn and adapt.","I'd be an active team player, execute tasks as instructed, and communicate openly. My contribution would be to learn and adapt quickly.",Sales
"I'm comfortable with both being approached and waiting for others to initiate conversations, adapting to different social settings.","I'd respond to rejection with determination. I'd analyze the situation, seek guidance from mentors, and adapt my strategies. Success in my chosen field demands continuous learning and adaptation.","Staying organized is paramount in meeting tight deadlines, so I rely on project management tools and detailed task lists. The challenge fuels my inspiration.","I began with a simple story that led into the idea. I invited questions and feedback, demonstrating my eagerness to work together and refine the proposal.","I'd collaborate, communicate clearly, and follow instructions diligently. My primary goal is to be a valuable part of the team and absorb knowledge.",Sales
"While I'm open to conversations, I often find that creative inspiration comes when I'm approached by others, particularly in social settings.","Rejection would push me to explore new avenues. I'd stay open to fresh ideas, collaborate with others, and adjust my methods. Failure in my field is a stepping stone to innovation.",I find inspiration in pushing the boundaries of what's technically possible. Tight deadlines encourage me to explore new technologies and creative problem-solving.,"I presented my proposal in a relatable way, focusing on the problem it addressed. Encouraging group discussion and collaboration made it well-received.","I'd support the team's goals, complete tasks on time, and engage with experienced colleagues for guidance. My role is to learn and contribute effectively.",Sales
"In social situations, I tend to be more reserved, preferring to be approached, which can spark creative insights.","I'd respond to rejection by seeking feedback and improving my work. My line of work demands adaptation, so I'd adjust my approach and persist until I achieve the desired results.",Creativity thrives under pressure. I view tight deadlines as an opportunity to discover innovative solutions to complex technical issues.,"I used relatable metaphors and visuals to convey my idea. I actively engaged the group and incorporated their feedback, fostering a positive response.","I'd be a committed team member, perform tasks as assigned, and communicate openly. My main focus is on learning and providing support to my team.",Sales
"I'm open to conversations, but I often find creative solutions when others take the lead, inspiring innovative technical ideas.","I'd embrace rejection as a valuable experience. I'd reflect on my approach, seek guidance from mentors, and continuously adapt. My profession is all about problem-solving, and failure is just another problem to solve.",I organize my work using robust version control and issue tracking systems. These tools ensure every step of a project is well-documented and organized.,"I shared my proposal in plain language, illustrating its impact with relevant anecdotes. I welcomed questions and suggestions to ensure a positive reception.","I'd embrace challenges and setbacks as opportunities for growth, striving to learn from them and continuously improve.",Sales
"I'm comfortable with both being approached and waiting for others to initiate conversations, depending on the situation.","In my chosen field, persistence is key. I'd take rejection as a chance to keep refining my skills and finding alternative solutions. Failure is just a temporary setback on the path to success.",I maintain a structured approach with tight deadlines by adhering to coding best practices and architectural principles. It keeps my work organized and efficient.,"I initiated the presentation with a common scenario, making the idea relatable. Openly discussing the proposal and valuing input led to a favorable response.","I'd support the team's objectives, complete tasks promptly, and collaborate effectively. My contribution would be to learn and grow with my team.",Sales
"I often find creative inspiration when I'm approached by others, leading to innovative solutions to technical challenges.","I'd approach rejection as a challenge to overcome. I'd assess my strategies, seek guidance from experienced professionals, and keep trying until I achieve the desired outcome in my area of expertise.","I use tight deadlines as a chance to optimize processes and introduce automation, which keeps me inspired and organized while pushing technical boundaries.",I explained my idea using everyday comparisons. Openly listening to the group's thoughts and incorporating their feedback made it well-received.,"I'd work alongside the team, adhere to project plans, and ask for help when required. My primary goal is to absorb knowledge and make a positive impact.",Sales
I usually wait for others to start conversations and find that it often sparks my creative thinking and problem-solving.,"I'd view rejection as an opportunity to innovate. I'd brainstorm new ideas, collaborate with peers, and iterate on my work. Failure would only make me more determined to succeed in my field.",Tight deadlines are an opportunity to foster innovation. I encourage creative thinking and brainstorming to develop unique technical solutions.,"I kicked off by narrating a relatable story, making my proposal easy to grasp. I actively solicited feedback, showcasing my willingness to collaborate and adapt.","I'd be a dedicated team member, execute tasks on time, and communicate openly. My objective is to learn from my colleagues and add value to the team.",Sales
"I'm open to conversations and comfortable being approached, which often leads to creative ideas and innovative thinking.","Rejection would motivate me to keep pushing and refining my skills. I'd research best practices, ask for advice, and adapt my approach to improve my chances of success in my domain.","To remain organized, I break down complex tasks into smaller, manageable steps. This structured approach ensures I meet tight deadlines while staying organized.",I started with relatable examples and encouraged group discussion. Being receptive to feedback and changes led to a positive reception of my proposal.,"I'd collaborate with team members from various backgrounds to share ideas and learn from their expertise, ensuring a holistic approach to problem-solving.",Sales
"In social situations, I'm more of an observer and am comfortable with others approaching me to initiate conversations.",I'd see rejection as a chance to learn and grow. I'd analyze what went wrong and try a new approach. Failure can be a stepping stone to success in the field I'm in.,I find inspiration in the technical challenges presented by tight deadlines. These challenges motivate me to stay organized and explore creative problem-solving.,"I used everyday scenarios to convey the idea's relevance. I actively engaged with the group, valuing their input and ensuring a favorable response.","I'd actively participate in team meetings, follow instructions, and ask questions when needed to ensure I understand and can contribute effectively.",Sales
"I'm open to conversations but often find inspiration when others take the lead, leading to creative solutions.","I'd approach rejection with a growth mindset. I'd analyze what went wrong, learn from the experience, and keep adapting my strategies. In my profession, resilience is key to success.","I maintain creativity by collaborating with colleagues, brainstorming ideas, and exploring unconventional solutions to technical problems. Deadlines drive innovation.",I introduced my proposal with relatable anecdotes. Welcoming questions and adapting based on feedback helped it gain a positive reception.,"I'd take on tasks and responsibilities assigned to me, focusing on delivering quality work on time and helping teammates when they need assistance.",Sales
"While I'm open to conversations, I often find that creative ideas come when I'm approached by others, particularly in social settings.","I believe that failure is part of the learning process. I'd review my work, ask for feedback, and make necessary adjustments. Rejection wouldn't discourage me; it would inspire me to do better in my chosen profession.","Staying organized is essential in meeting tight deadlines, so I rely on project management tools and version control systems. This structure enables creative problem-solving.","I made my proposal relatable through common experiences. I encouraged questions and was open to changes, ensuring a well-received presentation.","I'd seek feedback from experienced team members and use it to improve my skills, contributing to our collective success.",Sales
"I tend to be more reserved and am often approached by outgoing individuals, which can lead to creative technical ideas.","When facing rejection or failure in my work, I tend to persist and adapt. I view it as an opportunity to learn, grow, and refine my code. I collaborate with colleagues to find alternative solutions and apply best practices.","I use tight deadlines as a chance to optimize processes and introduce automation, which keeps me inspired and organized while pushing technical boundaries.",I communicated my idea using relatable everyday examples. Listening actively to concerns and being open to changes made it more favorable.,"I'd maintain open communication channels with team members, addressing concerns and providing updates as needed to keep everyone informed.",Sales
I'm open to conversations but not always the one to start them. Being approached often leads to creative insights.,"I view rejection as a learning experience. I adjust my strategy, consider new options, and stay committed to my tech pursuits.",I maintain a structured approach with tight deadlines by adhering to coding best practices and architectural principles. It keeps my work organized and efficient.,I presented my proposal with a focus on the technical details and feasibility. The group appreciated the precision and thoroughness of my approach.,"I'd adapt to the team's working style, follow established procedures, and demonstrate a strong work ethic to ensure project goals are met.",Sales
"I'm comfortable with both being approached and waiting for others to initiate discussions, depending on the context.","Rejection or failure is part of the IT landscape. I persist by analyzing my code thoroughly and seeking advice from peers. If necessary, I adapt and rewrite sections, incorporating feedback for improved results.","Tight deadlines spark my technical creativity. I'm organized by following agile methodologies, which help me break down complex tasks into manageable sprints.",I shared relevant technical research and explained how the proposal was in line with industry best practices.,"I'd stay organized, document my work, and share relevant information with the team to enhance our collective knowledge and efficiency.",Tech
"I often find creative inspiration when I'm approached by outgoing individuals, which sparks innovative technical solutions.","I'm known to be persistent and adaptive. Rejection motivates me to review my code, identify weak points, and adjust as needed. I leverage team discussions and expert advice to find efficient solutions.",I stay inspired by exploring unconventional technical solutions to meet tight deadlines. Staying organized is achieved through disciplined project management.,"I emphasized the innovation and potential impact of the proposal on our technology stack, showing how it aligned with our technical goals.","I'd respect team members' expertise, complete tasks promptly, and ask questions when necessary. I'd aim to learn and contribute effectively.",Tech
"I often find that creative inspiration strikes when I'm approached by others, leading to fresh perspectives and innovative solutions.","In IT, rejection and failure are common. I persistently review my code, identify flaws, and adapt by enhancing performance or security. I value collaboration, reaching out to colleagues for constructive advice.",The pressure of tight deadlines encourages me to organize my work with meticulous planning and strict adherence to coding standards. It's where my creativity shines.,"I emphasized the proposal's potential for long-term scalability, highlighting its adaptability to future technical challenges and growth.","I'd be a cooperative team player, meet deadlines, and seek advice from experienced colleagues. My role is to learn and deliver my best.",Tech
"I'm not typically the initiator, but I enjoy being approached by others, especially in social settings.","Facing failure, I maintain persistence and adaptability. I delve into the code, pinpoint issues, and make changes as required. When necessary, I collaborate with team members, seeking their valuable input.","Staying organized means adhering to version control and issue tracking systems, while tight deadlines are opportunities to discover innovative technical solutions.","I welcomed technical questions and in-depth discussions, fostering a transparent environment where the group felt comfortable exploring the proposal's technical nuances.","I'd be a reliable team member, follow instructions, and contribute my best effort. My goal would be to adapt and grow alongside my colleagues.",Tech
"While I'm comfortable being approached, I often find creative inspiration when I'm the listener rather than the initiator.","Rejection or failure doesn't deter me in IT. I persistently review code, debug, and adapt to overcome issues. I find it crucial to consult peers for fresh perspectives and alternative solutions to enhance performance.",I find inspiration in the opportunity to push my technical skills to the limit under tight deadlines. It's an invitation to explore new technologies and creative problem-solving.,"I showcased the proposal's alignment with the company's technical roadmap, ensuring it complemented existing systems and enhanced overall technical capabilities.","In guiding a cross-functional team's journey, I'd lay the groundwork for trust and facilitate open dialogue. My unique perspective, promotion of synergy, adaptability to evolving conditions, and commemoration of significant milestones are essential elements of our success.",Tech
"I prefer being approached in social settings, as it allows me to observe and listen actively, which often sparks creative ideas.",I respond to rejection by persistently reviewing my code and making necessary adaptations. I consider it an opportunity to improve. Seeking advice from experts and collaborating with colleagues is my go-to approach.,Creativity thrives under the pressure of tight deadlines. I view these challenges as opportunities to discover ingenious solutions to intricate technical issues.,"I integrated feedback from the technical team, emphasizing their contributions and how the proposal reflected their expertise and insights.","I'd be a proactive team player, communicate clearly, and follow the project plan. My focus would be on contributing and learning from my colleagues.",Tech
"I'm open to conversations, but I tend to be more reserved, allowing others to initiate interactions. This approach aligns with my preference for active listening.","In IT, facing failure pushes me to persistently revisit my code. I adapt, refine, and apply necessary changes. I value input from team members and other experts to find better solutions.",I stay organized using comprehensive documentation and clear technical specifications. This meticulous approach provides a solid foundation for creative solutions.,"I used data-driven arguments, including cost-benefit analysis and technical performance metrics, to illustrate the proposal's value and feasibility.","I'd be proactive in identifying potential issues, proposing solutions, and taking the initiative to move the project forward.",Tech
"I enjoy being approached by others, as it enables me to gather diverse insights and ideas, contributing to my creative thinking in technical work.","Rejection prompts me to persistently evaluate my code, seeking areas of improvement. I adapt my strategy by reworking the code and integrating lessons learned. I also reach out to colleagues for suggestions.","To maintain both organization and creativity, I encourage a culture of open communication and collaboration within the technical team. It's key to our success.","I engaged in hands-on demonstrations, allowing the group to interact with prototypes and see the proposal in action.","Nurturing a cross-functional team requires establishing trust and fostering open lines of communication. I'd apply my unique insights, encourage synergy, adapt to evolving needs, and commemorate our shared milestones to ensure success.",Tech
"I'm generally approachable and open to conversations, but I often find inspiration in the ideas and perspectives that others bring to the table.","When confronted with rejection in IT, I persistently review my code, debug, and adapt it for better performance. I believe in a collaborative approach, taking advice from teammates to refine solutions.",I embrace tight deadlines as an opportunity to optimize processes and develop new software solutions. This approach keeps me organized and inspired to innovate.,"I highlighted the security features and risk mitigation strategies embedded in the proposal, addressing any security concerns proactively.","Leading a cross-functional team is akin to being the guiding force, fostering trust, and open dialogue. My expertise, emphasis on collaboration, flexibility, and recognition of achievements are pivotal to our collective accomplishment.",Tech
"I'm comfortable with others taking the lead in conversations, which can lead to innovative solutions and creative thinking in my technical work.","Failure is an opportunity for improvement in IT. I persistently examine my code, adapt, and rewrite as needed. I also discuss challenges with colleagues, seeking their expertise to enhance code quality.","Staying organized is paramount in meeting tight deadlines, so I rely on project management tools and version control systems. This structure enables creative problem-solving.","I maintained a problem-solving approach, showcasing how the proposal addressed current technical challenges and improved efficiency and productivity.","In the role of orchestrator for a cross-functional team, I'd prioritize trust and transparent communication. My individual expertise, promotion of teamwork, adaptability, and celebration of significant milestones are essential components of our triumph.",Tech
"In social settings, I often find inspiration by actively listening to others. Their initiations can spark creative ideas for solving technical challenges.","In IT, rejection motivates me to persistently analyze my code and make necessary adjustments. I adapt and seek input from colleagues to ensure the best solution. Reevaluation and improvement are my priorities.",I'm inspired by the technical challenges that tight deadlines present. These challenges motivate me to stay organized and explore creative problem-solving.,"I began by relating my idea to everyday life, making it understandable. I fostered open discussion and valued group input, resulting in a positive response.","Managing a cross-functional team parallels the role of a conductor. Building trust, maintaining clear communication channels, leveraging my knowledge, promoting collaboration, remaining adaptable, and rejoicing in our milestones are keys to our prosperity.",Tech
"Being comfortable with others approaching me in social situations allows me to gather valuable insights and perspectives, contributing to my technical creativity.","Facing rejection, I persistently revisit my code, making adaptive changes. Reevaluation is essential for finding alternative solutions. I collaborate with peers, taking advantage of their expertise in IT.","To remain organized, I break down complex tasks into smaller, manageable steps. This structured approach ensures I meet tight deadlines while staying organized.","I shared my proposal with a clear, concise, and well-structured presentation. I focused on the benefits and potential impact, making sure to engage the group with eye contact and a confident tone.","Steering a cross-functional team successfully calls for the cultivation of trust and open lines of communication. My particular insights, facilitation of collaboration, adaptability, and commemoration of achievements are the bedrock of our success.",Tech
"I embrace being approached by others in social settings, as it often leads to fresh and creative technical insights, inspiring innovative solutions.","Rejection in IT fuels my persistence and adaptability. I thoroughly examine my code, make adjustments, and reevaluate the strategy. I reach out to colleagues for guidance and fresh insights.",Tight deadlines are an opportunity to foster innovation. I encourage creative thinking and brainstorming to develop unique technical solutions.,I prepared a presentation that highlighted the problem and solution. I used simple language and visuals to help the group understand. I encouraged questions and feedback to ensure their buy-in.,"As the captain of a cross-functional team, I'd underscore the importance of trust, clear communication, and active listening. My unique expertise, encouragement of cooperation, ability to adjust, and the recognition of accomplishments are the linchpins of our triumph.",Tech
"I'm open to conversations, but I often find that creative inspiration strikes when I'm approached by others. It leads to fresh perspectives and innovative technical solutions.","I use failure as a growth opportunity. I reevaluate my methods, remain flexible, and continuously strive for success in the tech world.","I use tight deadlines as a chance to optimize processes and introduce automation, which keeps me inspired and organized while pushing technical boundaries.","I explained my idea using non-technical terms and relatable examples. I emphasized the value it would bring to the team, company, or project. Being receptive to questions and feedback made a difference.","Leading a cross-functional team necessitates the establishment of trust, transparent communication, and engaged listening. My proficiency, stimulation of cooperation, flexibility, and celebration of achievements are the cornerstones of our success.",Tech
"I'm not typically the initiator of conversations. I'm comfortable with both being approached and waiting for others to initiate discussions, often in social settings.","When confronted with rejection in IT, I persistently review my code, identify issues, and adapt to rectify them. Collaboration with peers is integral, as I value their expertise in finding alternative solutions.",The pressure of tight deadlines encourages me to meticulously plan and structure my work. It's a challenge I embrace to bring out my best technical skills.,"I provided a step-by-step breakdown of the technical aspects, making it easy for the group to grasp the idea's implementation.","Guiding a cross-functional team shares similarities with conducting an orchestra. Trust, open communication, utilization of my expertise, cultivation of synergy, adaptability, and marking our milestones are integral to our triumph.",Tech
"I tend to be more reserved and am often approached by outgoing individuals. While I'm open to conversations, I'm not typically the one to initiate.","In IT, I persistently review and adapt my code after facing rejection or failure. Reevaluation is a crucial step in the process, and I value input from peers to identify alternative solutions.",I find inspiration in pushing the boundaries of what's technically possible. Tight deadlines encourage me to explore new technologies and innovative approaches.,"I outlined my proposal logically, with an emphasis on its impact. I connected the idea to the group's goals and listened to their concerns. This helped build support for my proposal.","Just as a conductor directs a symphony, I'd build trust and open lines of communication to lead a cross-functional team. My individual knowledge, promotion of collaboration, adaptability, and recognition of milestones would propel our collective success.",Tech
"I'm comfortable when others take the lead in approaching me in social situations, which aligns with my preference for active listening.","Rejection in IT prompts me to persistently analyze my code, adapt, and rework it as needed. I believe in collaboration, seeking advice from colleagues to discover alternative solutions that enhance performance.",Creativity flourishes under pressure. I view tight deadlines as a chance to discover ingenious solutions to intricate technical issues.,"My approach was to use plain language, keeping the group's interests in mind. I made sure to convey how the proposal could benefit them and actively sought their input and suggestions.","I'd be attentive, support my team's goals, and follow guidelines. If I encounter challenges, I'd seek guidance from my more experienced peers.",Tech
I'm open to conversations but not always the one to start them. I'm comfortable with a more reserved approach and am often approached by those who are more outgoing.,"Facing rejection or failure, I persistently review my code, make adaptive changes, and reevaluate my strategy. I rely on the knowledge and input of colleagues to discover better solutions in IT.",I stay organized using robust version control and issue tracking systems. These tools ensure every step of a project is well-documented and organized.,"I presented my idea in a structured way, avoiding jargon. I explained its relevance to the group and listened attentively to their feedback, making sure they felt heard and valued.","Managing a cross-functional team is much like conducting a symphony. Trust, communication, my unique contributions, collaboration, adaptability, and celebrating achievements are the harmonious keys to ensure our success.",Tech
"I'm more of a listener in social situations, not the primary initiator of conversations. I'm comfortable when others take the lead in approaching me.","In IT, rejection inspires me to persistently examine my code, adapt it as necessary, and reevaluate my approach. Collaborating with colleagues and experts is my method for finding alternative solutions and improvements.",I maintain a structured approach with tight deadlines by adhering to coding best practices and architectural principles. It keeps my work organized and efficient.,I shared my proposal by simplifying the technical aspects. I highlighted the advantages for the team and encouraged open dialogue. Their input was crucial for refining and gaining support.,"Steering a cross-functional team successfully resembles orchestrating a symphony. Prioritizing trust, transparent communication, my unique contributions, cooperation, adaptability, and commemorating our achievements ensure success.",Tech
"I'm open to conversations but not always the one to start them. I prefer a more reserved approach, allowing others to initiate discussions.",I'd take rejection as a motivation to keep refining my skills and adapt my approach to improve my chances of success in my chosen field.,"To maintain both organization and creativity, I encourage a culture of open communication and collaboration within the technical team. It's key to our success.","My presentation focused on the proposal's impact and benefits for the group. I made sure to be approachable, inviting questions and discussions to ensure their understanding and support.","Leading a cross-functional team is similar to a conductor's role, where trust and transparent conversation harmonize. My expertise, emphasis on teamwork, flexibility, and recognition of milestones form the keynotes in our harmonious achievement.",Tech
I'm generally approachable but not the primary initiator of conversations. I'm comfortable when others take the lead in approaching me in social settings.,"I believe in learning from rejection or failure. I adapt my approach, seek feedback, and find alternative ways to improve. Persistence is key in tech.",I find inspiration in the technical challenges presented by tight deadlines. These challenges motivate me to stay organized and explore creative problem-solving.,"I explained my idea in a straightforward manner, relating it to the group's objectives. I was open to questions, addressing any concerns, and making adjustments based on their feedback.","As the coordinator of a cross-functional team, I'd prioritize the establishment of trust and the creation of transparent channels for communication. My individual insights, facilitation of collaboration, adaptability, and acknowledgment of accomplishments shape the rhythm of our triumph.",Tech
"I'm comfortable with both being approached and waiting for others to initiate discussions, adapting to different social settings.","Rejection teaches me resilience. I evaluate my strategy, rework it, and keep pushing for success. Tech is a journey of continuous improvement.","To remain organized, I break down complex tasks into smaller, manageable steps. This structured approach ensures I meet tight deadlines while staying organized.",I assured the group that the technical aspects had been thoroughly tested and that we were prepared for any technical challenges that might arise.,"Managing a cross-functional team aligns with the conductor's art. Constructing trust, ensuring clear communication, leveraging my knowledge, fostering collaboration, remaining versatile, and celebrating our milestones create the symphony of success.",Tech
"I'm usually not the initiator and feel more comfortable when others start conversations. I'm open to discussions and often prefer a more reserved, listener role.","Failure is my stepping stone. I pivot, refine my methods, and explore different paths. Adaptation and determination drive progress in tech.",Tight deadlines are an opportunity to foster innovation. I encourage creative thinking and brainstorming to develop unique technical solutions.,"I maintained a logical and data-driven approach in my presentation, focusing on facts and evidence to support the idea's viability.","Navigating a cross-functional team successfully involves nurturing trust and cultivating open dialogue. My particular insights, promotion of synergy, flexibility, and commemoration of achievements are the keynotes of our shared victory.",Tech
"While I'm open to conversations, I'm not typically the one to initiate. I prefer a more reserved approach and am comfortable being approached by others.","I take rejection as an opportunity to grow. I reassess my approach, make necessary changes, and stay committed to my tech goals.",The pressure of tight deadlines encourages me to meticulously plan and structure my work. It's a challenge I embrace to bring out my best technical skills.,"I demonstrated the proposal through technical demos and prototypes, showcasing its functionality and practicality.","In the role of the captain of a cross-functional team, I'd underscore the significance of trust, clear communication, and attentive listening. My unique expertise, encouragement of cooperation, adaptability, and recognition of accomplishments compose the orchestration of our triumph.",Tech
I tend to prefer being approached by others in social situations. I'm a listener and comfortable when others initiate conversations.,"Rejection motivates me to innovate. I tweak my strategy, explore new ideas, and persevere in the dynamic world of technology.","Staying organized is essential in meeting tight deadlines, so I rely on project management tools and detailed task lists. The challenge fuels my inspiration.","I highlighted the cost-efficiency and scalability of the proposed technical solution, aligning it with the company's goals.","Leading a cross-functional team necessitates the cultivation of trust, transparent communication, and engaged listening. My proficiency, stimulation of cooperation, flexibility, and celebration of achievements are the foundations of our shared success.",Tech
"I usually prefer to be approached in social situations, allowing me to listen actively and gather insights from others' initiations.","I embrace rejection as a chance to evolve. I revise my tactics, stay open to feedback, and remain determined in the tech field.",I find inspiration in pushing the boundaries of what's technically possible. Tight deadlines encourage me to explore new technologies and innovative approaches.,"I made use of flowcharts and diagrams to illustrate the technical architecture and processes involved in the proposal, making it easier for the group to grasp.","Guiding a cross-functional team is akin to conducting a harmonious symphony. Trust, communication, my unique contributions, collaboration, adaptability, and the celebration of achievements are the melodious keys to ensuring our collective triumph.",Tech
I don't mind being approached in social situations; I often prefer listening and gaining insights from others' initiations.,"Failure fuels my determination. I modify my plan, seek diverse solutions, and persist in the ever-changing tech landscape.",Creativity flourishes under pressure. I view tight deadlines as a chance to discover ingenious solutions to intricate technical issues.,"To ensure the proposal was well-received, I collaborated with the technical team and integrated their feedback into the presentation.","I'd listen to team members, learn from their experiences, and share my perspective when relevant. I'd complete tasks on time and ask for help when needed.",Tech
"While I'm open to conversations, I'm not typically the one to initiate. I often find creative inspiration when I'm the listener.","Rejection encourages me to adapt. I refine my approach, stay flexible, and remain resilient in the tech industry.",I stay organized using robust version control and issue tracking systems. These tools ensure every step of a project is well-documented and organized.,"I engaged in a technical discussion with the group, addressing their questions and concerns about the proposal's integration into our systems.","I'd collaborate with the team, follow instructions, and ensure I meet deadlines. Learning from experienced team members would be a priority for me.",Tech
"While I'm open to conversations, I'm often not the one to start them. I'm comfortable when others initiate discussions, especially in social settings.","Failure in IT doesn't deter me. I persistently examine my code, adapt, and reevaluate the strategy to ensure success. I seek guidance from colleagues, appreciating their contributions to refining solutions.","Staying organized is essential in meeting tight deadlines, so I rely on project management tools and detailed task lists. The challenge fuels my inspiration.","I conveyed my proposal by breaking it down into easy-to-understand parts. I kept the focus on the group's interests, addressing their questions and concerns with patience and respect.","In my role as the leader of a cross-functional team, it mirrors that of a conductor. Trust, open communication, leveraging my expertise, fostering cooperation, staying flexible, and celebrating milestones would be the pillars of our success.",Tech
"I'm open to conversations but often find inspiration when others take the lead, leading to creative insights and technical innovations.","In my line of work, rejection is part of the learning process. I'd take it as motivation to keep pushing, adapt, and persist until I achieve my goals.",I embrace tight deadlines as an opportunity to optimize processes and develop new software solutions. This approach keeps me organized and inspired to innovate.,"I used real-life examples to explain my idea. I embraced questions and feedback, demonstrating my eagerness to collaborate, leading to a positive reception.","I'd remain positive and supportive, fostering a harmonious team atmosphere to boost morale and ultimately achieve our goals together.",Tech
